{
    "freezeTimeMinutesFromStart": 240, 
    "contestName": "The 2015 Caribbean Finals", 
    "runs": [
        {
            "contestant": "We got no name!", 
            "problemLetter": "I", 
            "timeMinutesFromStart": 5, 
            "success": true
        }, 
        {
            "contestant": "Enigma", 
            "problemLetter": "I", 
            "timeMinutesFromStart": 6, 
            "success": true
        }, 
        {
            "contestant": "Max++", 
            "problemLetter": "I", 
            "timeMinutesFromStart": 7, 
            "success": true
        }, 
        {
            "contestant": "Humberto&#39;s Angels", 
            "problemLetter": "I", 
            "timeMinutesFromStart": 7, 
            "success": true
        }, 
        {
            "contestant": "Team X", 
            "problemLetter": "I", 
            "timeMinutesFromStart": 9, 
            "success": false
        }, 
        {
            "contestant": "Banana Coding", 
            "problemLetter": "I", 
            "timeMinutesFromStart": 11, 
            "success": true
        }, 
        {
            "contestant": "Team X", 
            "problemLetter": "I", 
            "timeMinutesFromStart": 11, 
            "success": true
        }, 
        {
            "contestant": "Echelon v2", 
            "problemLetter": "I", 
            "timeMinutesFromStart": 14, 
            "success": true
        }, 
        {
            "contestant": "Santisima Trinidad", 
            "problemLetter": "I", 
            "timeMinutesFromStart": 15, 
            "success": true
        }, 
        {
            "contestant": "CBS", 
            "problemLetter": "I", 
            "timeMinutesFromStart": 15, 
            "success": true
        }, 
        {
            "contestant": "Chamas Reborn", 
            "problemLetter": "I", 
            "timeMinutesFromStart": 15, 
            "success": true
        }, 
        {
            "contestant": "BitByBit", 
            "problemLetter": "I", 
            "timeMinutesFromStart": 17, 
            "success": true
        }, 
        {
            "contestant": "We got no name!", 
            "problemLetter": "D", 
            "timeMinutesFromStart": 18, 
            "success": true
        }, 
        {
            "contestant": "CodeBusters", 
            "problemLetter": "I", 
            "timeMinutesFromStart": 20, 
            "success": true
        }, 
        {
            "contestant": "Pythagoreanos", 
            "problemLetter": "I", 
            "timeMinutesFromStart": 24, 
            "success": true
        }, 
        {
            "contestant": "Chichiguagua Algorithm", 
            "problemLetter": "I", 
            "timeMinutesFromStart": 26, 
            "success": true
        }, 
        {
            "contestant": "Equipo 2", 
            "problemLetter": "I", 
            "timeMinutesFromStart": 31, 
            "success": false
        }, 
        {
            "contestant": "CBS", 
            "problemLetter": "D", 
            "timeMinutesFromStart": 33, 
            "success": true
        }, 
        {
            "contestant": "Equipo 2", 
            "problemLetter": "I", 
            "timeMinutesFromStart": 33, 
            "success": false
        }, 
        {
            "contestant": "Equipo 2", 
            "problemLetter": "I", 
            "timeMinutesFromStart": 38, 
            "success": false
        }, 
        {
            "contestant": "Equipo 2", 
            "problemLetter": "I", 
            "timeMinutesFromStart": 44, 
            "success": false
        }, 
        {
            "contestant": "Max++", 
            "problemLetter": "D", 
            "timeMinutesFromStart": 49, 
            "success": true
        }, 
        {
            "contestant": "Banana Coding", 
            "problemLetter": "D", 
            "timeMinutesFromStart": 58, 
            "success": false
        }, 
        {
            "contestant": "Banana Coding", 
            "problemLetter": "D", 
            "timeMinutesFromStart": 61, 
            "success": false
        }, 
        {
            "contestant": "CodeBusters", 
            "problemLetter": "D", 
            "timeMinutesFromStart": 62, 
            "success": false
        }, 
        {
            "contestant": "Equipo 2", 
            "problemLetter": "I", 
            "timeMinutesFromStart": 62, 
            "success": true
        }, 
        {
            "contestant": "BitByBit", 
            "problemLetter": "D", 
            "timeMinutesFromStart": 62, 
            "success": false
        }, 
        {
            "contestant": "CodeBusters", 
            "problemLetter": "D", 
            "timeMinutesFromStart": 66, 
            "success": false
        }, 
        {
            "contestant": "BitByBit", 
            "problemLetter": "D", 
            "timeMinutesFromStart": 66, 
            "success": true
        }, 
        {
            "contestant": "Humberto&#39;s Angels", 
            "problemLetter": "D", 
            "timeMinutesFromStart": 70, 
            "success": false
        }, 
        {
            "contestant": "Banana Coding", 
            "problemLetter": "D", 
            "timeMinutesFromStart": 74, 
            "success": false
        }, 
        {
            "contestant": "CodeBusters", 
            "problemLetter": "D", 
            "timeMinutesFromStart": 77, 
            "success": true
        }, 
        {
            "contestant": "Banana Coding", 
            "problemLetter": "D", 
            "timeMinutesFromStart": 78, 
            "success": false
        }, 
        {
            "contestant": "Team X", 
            "problemLetter": "D", 
            "timeMinutesFromStart": 82, 
            "success": true
        }, 
        {
            "contestant": "Max++", 
            "problemLetter": "A", 
            "timeMinutesFromStart": 83, 
            "success": true
        }, 
        {
            "contestant": "Chamas Reborn", 
            "problemLetter": "D", 
            "timeMinutesFromStart": 84, 
            "success": false
        }, 
        {
            "contestant": "Pythagoreanos", 
            "problemLetter": "D", 
            "timeMinutesFromStart": 85, 
            "success": false
        }, 
        {
            "contestant": "Banana Coding", 
            "problemLetter": "D", 
            "timeMinutesFromStart": 86, 
            "success": true
        }, 
        {
            "contestant": "Chamas Reborn", 
            "problemLetter": "D", 
            "timeMinutesFromStart": 89, 
            "success": false
        }, 
        {
            "contestant": "Humberto&#39;s Angels", 
            "problemLetter": "D", 
            "timeMinutesFromStart": 91, 
            "success": true
        }, 
        {
            "contestant": "Pythagoreanos", 
            "problemLetter": "D", 
            "timeMinutesFromStart": 94, 
            "success": false
        }, 
        {
            "contestant": "Echelon v2", 
            "problemLetter": "D", 
            "timeMinutesFromStart": 114, 
            "success": false
        }, 
        {
            "contestant": "Echelon v2", 
            "problemLetter": "D", 
            "timeMinutesFromStart": 123, 
            "success": false
        }, 
        {
            "contestant": "We got no name!", 
            "problemLetter": "H", 
            "timeMinutesFromStart": 131, 
            "success": false
        }, 
        {
            "contestant": "Chamas Reborn", 
            "problemLetter": "D", 
            "timeMinutesFromStart": 136, 
            "success": false
        }, 
        {
            "contestant": "We got no name!", 
            "problemLetter": "H", 
            "timeMinutesFromStart": 150, 
            "success": false
        }, 
        {
            "contestant": "We got no name!", 
            "problemLetter": "H", 
            "timeMinutesFromStart": 163, 
            "success": false
        }, 
        {
            "contestant": "We got no name!", 
            "problemLetter": "H", 
            "timeMinutesFromStart": 171, 
            "success": false
        }, 
        {
            "contestant": "Pythagoreanos", 
            "problemLetter": "D", 
            "timeMinutesFromStart": 185, 
            "success": false
        }, 
        {
            "contestant": "Pythagoreanos", 
            "problemLetter": "D", 
            "timeMinutesFromStart": 187, 
            "success": false
        }, 
        {
            "contestant": "Chichiguagua Algorithm", 
            "problemLetter": "D", 
            "timeMinutesFromStart": 188, 
            "success": false
        }, 
        {
            "contestant": "CBS", 
            "problemLetter": "H", 
            "timeMinutesFromStart": 191, 
            "success": false
        }, 
        {
            "contestant": "Chichiguagua Algorithm", 
            "problemLetter": "D", 
            "timeMinutesFromStart": 204, 
            "success": false
        }, 
        {
            "contestant": "Chichiguagua Algorithm", 
            "problemLetter": "D", 
            "timeMinutesFromStart": 205, 
            "success": false
        }, 
        {
            "contestant": "Chichiguagua Algorithm", 
            "problemLetter": "D", 
            "timeMinutesFromStart": 217, 
            "success": true
        }, 
        {
            "contestant": "Equipo 2", 
            "problemLetter": "D", 
            "timeMinutesFromStart": 219, 
            "success": false
        }, 
        {
            "contestant": "Chamas Reborn", 
            "problemLetter": "D", 
            "timeMinutesFromStart": 223, 
            "success": true
        }, 
        {
            "contestant": "Echelon v2", 
            "problemLetter": "D", 
            "timeMinutesFromStart": 228, 
            "success": true
        }, 
        {
            "contestant": "Equipo 2", 
            "problemLetter": "D", 
            "timeMinutesFromStart": 229, 
            "success": false
        }, 
        {
            "contestant": "Equipo 2", 
            "problemLetter": "D", 
            "timeMinutesFromStart": 232, 
            "success": false
        }, 
        {
            "contestant": "Enigma", 
            "problemLetter": "D", 
            "timeMinutesFromStart": 235, 
            "success": false
        }, 
        {
            "contestant": "Equipo 2", 
            "problemLetter": "D", 
            "timeMinutesFromStart": 239, 
            "success": false
        }, 
        {
            "contestant": "Equipo 2", 
            "problemLetter": "D", 
            "timeMinutesFromStart": 244, 
            "success": false
        }, 
        {
            "contestant": "Equipo 2", 
            "problemLetter": "D", 
            "timeMinutesFromStart": 245, 
            "success": false
        }, 
        {
            "contestant": "Equipo 2", 
            "problemLetter": "D", 
            "timeMinutesFromStart": 250, 
            "success": false
        }, 
        {
            "contestant": "Equipo 2", 
            "problemLetter": "D", 
            "timeMinutesFromStart": 253, 
            "success": false
        }, 
        {
            "contestant": "We got no name!", 
            "problemLetter": "A", 
            "timeMinutesFromStart": 255, 
            "success": false
        }, 
        {
            "contestant": "Equipo 2", 
            "problemLetter": "D", 
            "timeMinutesFromStart": 256, 
            "success": false
        }, 
        {
            "contestant": "CBS", 
            "problemLetter": "A", 
            "timeMinutesFromStart": 260, 
            "success": false
        }, 
        {
            "contestant": "We got no name!", 
            "problemLetter": "A", 
            "timeMinutesFromStart": 262, 
            "success": true
        }, 
        {
            "contestant": "Enigma", 
            "problemLetter": "D", 
            "timeMinutesFromStart": 269, 
            "success": false
        }, 
        {
            "contestant": "Equipo 2", 
            "problemLetter": "D", 
            "timeMinutesFromStart": 274, 
            "success": false
        }, 
        {
            "contestant": "Pythagoreanos", 
            "problemLetter": "D", 
            "timeMinutesFromStart": 279, 
            "success": true
        }, 
        {
            "contestant": "CBS", 
            "problemLetter": "H", 
            "timeMinutesFromStart": 280, 
            "success": false
        }, 
        {
            "contestant": "Equipo 2", 
            "problemLetter": "D", 
            "timeMinutesFromStart": 281, 
            "success": false
        }, 
        {
            "contestant": "Enigma", 
            "problemLetter": "D", 
            "timeMinutesFromStart": 282, 
            "success": false
        }, 
        {
            "contestant": "We got no name!", 
            "problemLetter": "H", 
            "timeMinutesFromStart": 292, 
            "success": false
        }, 
        {
            "contestant": "BitByBit", 
            "problemLetter": "F", 
            "timeMinutesFromStart": 295, 
            "success": false
        }, 
        {
            "contestant": "Chamas Reborn", 
            "problemLetter": "A", 
            "timeMinutesFromStart": 297, 
            "success": false
        }, 
        {
            "contestant": "CBS", 
            "problemLetter": "A", 
            "timeMinutesFromStart": 298, 
            "success": false
        }, 
        {
            "contestant": "We got no name!", 
            "problemLetter": "H", 
            "timeMinutesFromStart": 298, 
            "success": false
        }, 
        {
            "contestant": "We got no name!", 
            "problemLetter": "H", 
            "timeMinutesFromStart": 298, 
            "success": false
        }, 
        {
            "contestant": "Santisima Trinidad", 
            "problemLetter": "D", 
            "timeMinutesFromStart": 299, 
            "success": false
        }
    ], 
    "problemLetters": [
        "A", 
        "B", 
        "C", 
        "D", 
        "E", 
        "F", 
        "G", 
        "H", 
        "I", 
        "J", 
        "K"
    ], 
    "contestants": [
        "Enigma", 
        "Echelon v2", 
        "Pythagoreanos", 
        "Chichiguagua Algorithm", 
        "Banana Coding", 
        "Santisima Trinidad", 
        "We got no name!", 
        "Chamas Reborn", 
        "CodeBusters", 
        "Team X", 
        "CBS", 
        "BitByBit", 
        "Max++", 
        "Humberto&#39;s Angels", 
        "Equipo 2"
    ]
}
